Date,Close,day_of_month,month,quarter,Close_lag_1
2019-11-14,102.55000305175781,14.0,11.0,4.0,102.37000274658203
2019-11-18,102.0,18.0,11.0,4.0,102.55000305175781
2019-11-19,101.95999908447266,19.0,11.0,4.0,102.0
2019-11-21,103.5,21.0,11.0,4.0,101.95999908447266
2019-11-22,104.5999984741211,22.0,11.0,4.0,103.5
2019-11-25,104.25,25.0,11.0,4.0,104.5999984741211
2019-11-26,103.44000244140625,26.0,11.0,4.0,104.25
2019-11-27,103.68000030517578,27.0,11.0,4.0,103.44000244140625
2019-11-28,104.37999725341797,28.0,11.0,4.0,103.68000030517578
2019-11-29,104.3499984741211,29.0,11.0,4.0,104.37999725341797
2019-12-02,104.80999755859375,2.0,12.0,4.0,104.3499984741211
2019-12-03,105.0,3.0,12.0,4.0,104.80999755859375
2019-12-04,106.0999984741211,4.0,12.0,4.0,105.0
2019-12-05,106.44000244140625,5.0,12.0,4.0,106.0999984741211
2019-12-06,106.93000030517578,6.0,12.0,4.0,106.44000244140625
2019-12-09,106.7699966430664,9.0,12.0,4.0,106.93000030517578
2019-12-10,106.58000183105469,10.0,12.0,4.0,106.7699966430664
2019-12-11,106.75,11.0,12.0,4.0,106.58000183105469
2019-12-12,107.8499984741211,12.0,12.0,4.0,106.75
2019-12-13,108.30999755859375,13.0,12.0,4.0,107.8499984741211
2019-12-16,107.72000122070312,16.0,12.0,4.0,108.30999755859375
2019-12-17,108.41000366210938,17.0,12.0,4.0,107.72000122070312
2019-12-18,110.16000366210938,18.0,12.0,4.0,108.41000366210938
2019-12-19,110.81999969482422,19.0,12.0,4.0,110.16000366210938
2019-12-20,110.83999633789062,20.0,12.0,4.0,110.81999969482422
2019-12-23,111.66999816894531,23.0,12.0,4.0,110.83999633789062
2019-12-26,112.80999755859375,26.0,12.0,4.0,111.66999816894531
2019-12-27,112.16999816894531,27.0,12.0,4.0,112.80999755859375
2019-12-30,111.2300033569336,30.0,12.0,4.0,112.16999816894531
2020-01-02,114.23999786376953,2.0,1.0,1.0,111.2300033569336
2020-01-03,113.80000305175781,3.0,1.0,1.0,114.23999786376953
2020-01-06,112.58999633789062,6.0,1.0,1.0,113.80000305175781
2020-01-07,112.23999786376953,7.0,1.0,1.0,112.58999633789062
2020-01-08,111.94999694824219,8.0,1.0,1.0,112.23999786376953
2020-01-09,111.66000366210938,9.0,1.0,1.0,111.94999694824219
2020-01-10,111.27999877929688,10.0,1.0,1.0,111.66000366210938
2020-01-13,113.08000183105469,13.0,1.0,1.0,111.27999877929688
2020-01-14,113.31999969482422,14.0,1.0,1.0,113.08000183105469
2020-01-15,112.18000030517578,15.0,1.0,1.0,113.31999969482422
2020-01-16,112.3499984741211,16.0,1.0,1.0,112.18000030517578
2020-01-17,114.0999984741211,17.0,1.0,1.0,112.3499984741211
2020-01-20,114.41000366210938,20.0,1.0,1.0,114.0999984741211
2020-01-21,112.6500015258789,21.0,1.0,1.0,114.41000366210938
2020-01-22,114.0999984741211,22.0,1.0,1.0,112.6500015258789
2020-01-23,115.20999908447266,23.0,1.0,1.0,114.0999984741211
2020-01-24,114.0,24.0,1.0,1.0,115.20999908447266
2020-01-27,110.29000091552734,27.0,1.0,1.0,114.0
2020-01-28,112.30000305175781,28.0,1.0,1.0,110.29000091552734
2020-01-29,110.87999725341797,29.0,1.0,1.0,112.30000305175781
2020-01-30,111.19000244140625,30.0,1.0,1.0,110.87999725341797
2020-01-31,108.9000015258789,31.0,1.0,1.0,111.19000244140625
2020-02-03,110.41999816894531,3.0,2.0,1.0,108.9000015258789
2020-02-04,111.20999908447266,4.0,2.0,1.0,110.41999816894531
2020-02-05,111.7699966430664,5.0,2.0,1.0,111.20999908447266
2020-02-06,110.94999694824219,6.0,2.0,1.0,111.7699966430664
2020-02-07,109.3499984741211,7.0,2.0,1.0,110.94999694824219
2020-02-10,108.79000091552734,10.0,2.0,1.0,109.3499984741211
2020-02-11,111.30000305175781,11.0,2.0,1.0,108.79000091552734
2020-02-12,112.44999694824219,12.0,2.0,1.0,111.30000305175781
2020-02-13,110.9000015258789,13.0,2.0,1.0,112.44999694824219
2020-02-14,110.08000183105469,14.0,2.0,1.0,110.9000015258789
2020-02-17,110.80000305175781,17.0,2.0,1.0,110.08000183105469
2020-02-18,111.13999938964844,18.0,2.0,1.0,110.80000305175781
2020-02-19,112.08000183105469,19.0,2.0,1.0,111.13999938964844
2020-02-20,110.19999694824219,20.0,2.0,1.0,112.08000183105469
2020-02-21,109.44999694824219,21.0,2.0,1.0,110.19999694824219
2020-02-26,101.9000015258789,26.0,2.0,1.0,109.44999694824219
2020-02-27,99.19999694824219,27.0,2.0,1.0,101.9000015258789
2020-02-28,100.5999984741211,28.0,2.0,1.0,99.19999694824219
2020-03-02,102.98999786376953,2.0,3.0,1.0,100.5999984741211
2020-03-03,101.75,3.0,3.0,1.0,102.98999786376953
2020-03-04,103.0999984741211,4.0,3.0,1.0,101.75
2020-03-05,98.79000091552734,5.0,3.0,1.0,103.0999984741211
2020-03-06,94.4000015258789,6.0,3.0,1.0,98.79000091552734
2020-03-09,82.69999694824219,9.0,3.0,1.0,94.4000015258789
2020-03-10,88.62999725341797,10.0,3.0,1.0,82.69999694824219
2020-03-11,82.05999755859375,11.0,3.0,1.0,88.62999725341797
2020-03-12,70.0999984741211,12.0,3.0,1.0,82.05999755859375
2020-03-13,79.48999786376953,13.0,3.0,1.0,70.0999984741211
2020-03-16,68.4000015258789,16.0,3.0,1.0,79.48999786376953
2020-03-17,71.0,17.0,3.0,1.0,68.4000015258789
2020-03-18,65.01000213623047,18.0,3.0,1.0,71.0
2020-03-19,65.0,19.0,3.0,1.0,65.01000213623047
2020-03-20,64.7699966430664,20.0,3.0,1.0,65.0
2020-03-23,61.13999938964844,23.0,3.0,1.0,64.7699966430664
2020-03-24,67.4000015258789,24.0,3.0,1.0,61.13999938964844
2020-03-25,71.7300033569336,25.0,3.0,1.0,67.4000015258789
2020-03-26,74.56999969482422,26.0,3.0,1.0,71.7300033569336
2020-03-27,70.22000122070312,27.0,3.0,1.0,74.56999969482422
2020-03-30,71.97000122070312,30.0,3.0,1.0,70.22000122070312
2020-03-31,69.3499984741211,31.0,3.0,1.0,71.97000122070312
2020-04-01,68.18000030517578,1.0,4.0,2.0,69.3499984741211
2020-04-02,69.62999725341797,2.0,4.0,2.0,68.18000030517578
2020-04-03,66.9000015258789,3.0,4.0,2.0,69.62999725341797
2020-04-06,71.56999969482422,6.0,4.0,2.0,66.9000015258789
2020-04-07,73.51000213623047,7.0,4.0,2.0,71.56999969482422
2020-04-08,75.7300033569336,8.0,4.0,2.0,73.51000213623047
2020-04-09,74.87000274658203,9.0,4.0,2.0,75.7300033569336
2020-04-13,75.95999908447266,13.0,4.0,2.0,74.87000274658203
2020-04-14,76.8499984741211,14.0,4.0,2.0,75.95999908447266
2020-04-15,76.05000305175781,15.0,4.0,2.0,76.8499984741211
2020-04-16,74.93000030517578,16.0,4.0,2.0,76.05000305175781
2020-04-17,76.0,17.0,4.0,2.0,74.93000030517578
2020-04-20,75.66000366210938,20.0,4.0,2.0,76.0
2020-04-22,77.69999694824219,22.0,4.0,2.0,75.66000366210938
2020-04-23,76.6500015258789,23.0,4.0,2.0,77.69999694824219
2020-04-24,72.41000366210938,24.0,4.0,2.0,76.6500015258789
2020-04-27,75.29000091552734,27.0,4.0,2.0,72.41000366210938
2020-04-28,78.30000305175781,28.0,4.0,2.0,75.29000091552734
2020-04-29,80.18000030517578,29.0,4.0,2.0,78.30000305175781
2020-04-30,77.20999908447266,30.0,4.0,2.0,80.18000030517578
2020-05-04,76.0999984741211,4.0,5.0,2.0,77.20999908447266
2020-05-05,76.54000091552734,5.0,5.0,2.0,76.0999984741211
2020-05-06,76.19999694824219,6.0,5.0,2.0,76.54000091552734
2020-05-07,75.4000015258789,7.0,5.0,2.0,76.19999694824219
2020-05-08,77.43000030517578,8.0,5.0,2.0,75.4000015258789
2020-05-11,76.13999938964844,11.0,5.0,2.0,77.43000030517578
2020-05-12,75.0,12.0,5.0,2.0,76.13999938964844
2020-05-13,75.1500015258789,13.0,5.0,2.0,75.0
2020-05-14,76.25,14.0,5.0,2.0,75.1500015258789
2020-05-15,74.55999755859375,15.0,5.0,2.0,76.25
2020-05-18,78.02999877929688,18.0,5.0,2.0,74.55999755859375
2020-05-19,77.6500015258789,19.0,5.0,2.0,78.02999877929688
2020-05-20,78.44999694824219,20.0,5.0,2.0,77.6500015258789
2020-05-21,79.97000122070312,21.0,5.0,2.0,78.44999694824219
2020-05-22,79.94000244140625,22.0,5.0,2.0,79.97000122070312
2020-05-25,82.5999984741211,25.0,5.0,2.0,79.94000244140625
2020-05-26,82.44999694824219,26.0,5.0,2.0,82.5999984741211
2020-05-27,84.68000030517578,27.0,5.0,2.0,82.44999694824219
2020-05-28,83.6500015258789,28.0,5.0,2.0,84.68000030517578
2020-05-29,84.1500015258789,29.0,5.0,2.0,83.6500015258789
2020-06-01,85.33000183105469,1.0,6.0,2.0,84.1500015258789
2020-06-02,87.77999877929688,2.0,6.0,2.0,85.33000183105469
2020-06-03,89.37000274658203,3.0,6.0,2.0,87.77999877929688
2020-06-04,90.30999755859375,4.0,6.0,2.0,89.37000274658203
2020-06-05,91.05000305175781,5.0,6.0,2.0,90.30999755859375
2020-06-08,93.94999694824219,8.0,6.0,2.0,91.05000305175781
2020-06-09,92.94999694824219,9.0,6.0,2.0,93.94999694824219
2020-06-10,91.16999816894531,10.0,6.0,2.0,92.94999694824219
2020-06-12,89.25,12.0,6.0,2.0,91.16999816894531
2020-06-15,89.06999969482422,15.0,6.0,2.0,89.25
2020-06-16,90.0,16.0,6.0,2.0,89.06999969482422
2020-06-17,91.94999694824219,17.0,6.0,2.0,90.0
2020-06-18,92.62999725341797,18.0,6.0,2.0,91.94999694824219
2020-06-19,92.63999938964844,19.0,6.0,2.0,92.62999725341797
2020-06-22,91.75,22.0,6.0,2.0,92.63999938964844
2020-06-23,92.26000213623047,23.0,6.0,2.0,91.75
2020-06-24,90.7699966430664,24.0,6.0,2.0,92.26000213623047
2020-06-25,92.38999938964844,25.0,6.0,2.0,90.7699966430664
2020-06-26,90.22000122070312,26.0,6.0,2.0,92.38999938964844
2020-06-29,92.30000305175781,29.0,6.0,2.0,90.22000122070312
2020-06-30,91.62000274658203,30.0,6.0,2.0,92.30000305175781
2020-07-01,92.68000030517578,1.0,7.0,3.0,91.62000274658203
2020-07-02,92.5,2.0,7.0,3.0,92.68000030517578
2020-07-03,93.19000244140625,3.0,7.0,3.0,92.5
2020-07-06,95.30999755859375,6.0,7.0,3.0,93.19000244140625
2020-07-07,94.0999984741211,7.0,7.0,3.0,95.30999755859375
2020-07-08,96.0999984741211,8.0,7.0,3.0,94.0999984741211
2020-07-09,95.41000366210938,9.0,7.0,3.0,96.0999984741211
2020-07-10,96.33999633789062,10.0,7.0,3.0,95.41000366210938
2020-07-13,95.05000305175781,13.0,7.0,3.0,96.33999633789062
2020-07-14,96.5999984741211,14.0,7.0,3.0,95.05000305175781
2020-07-15,98.02999877929688,15.0,7.0,3.0,96.5999984741211
2020-07-16,96.81999969482422,16.0,7.0,3.0,98.02999877929688
2020-07-17,99.12999725341797,17.0,7.0,3.0,96.81999969482422
2020-07-20,100.5,20.0,7.0,3.0,99.12999725341797
2020-07-21,100.29000091552734,21.0,7.0,3.0,100.5
2020-07-22,100.37999725341797,22.0,7.0,3.0,100.29000091552734
2020-07-23,98.4000015258789,23.0,7.0,3.0,100.37999725341797
2020-07-24,98.58999633789062,24.0,7.0,3.0,98.4000015258789
2020-07-27,100.45999908447266,27.0,7.0,3.0,98.58999633789062
2020-07-28,100.05000305175781,28.0,7.0,3.0,100.45999908447266
2020-07-29,101.4800033569336,29.0,7.0,3.0,100.05000305175781
2020-07-30,101.30999755859375,30.0,7.0,3.0,101.4800033569336
2020-07-31,99.29000091552734,31.0,7.0,3.0,101.30999755859375
2020-08-03,99.19999694824219,3.0,8.0,3.0,99.29000091552734
2020-08-04,97.5999984741211,4.0,8.0,3.0,99.19999694824219
2020-08-05,98.98999786376953,5.0,8.0,3.0,97.5999984741211
2020-08-06,100.16999816894531,6.0,8.0,3.0,98.98999786376953
2020-08-07,98.83000183105469,7.0,8.0,3.0,100.16999816894531
2020-08-10,99.54000091552734,10.0,8.0,3.0,98.83000183105469
2020-08-11,98.19999694824219,11.0,8.0,3.0,99.54000091552734
2020-08-12,98.33000183105469,12.0,8.0,3.0,98.19999694824219
2020-08-13,96.51000213623047,13.0,8.0,3.0,98.33000183105469
2020-08-14,97.47000122070312,14.0,8.0,3.0,96.51000213623047
2020-08-17,95.83000183105469,17.0,8.0,3.0,97.47000122070312
2020-08-18,98.25,18.0,8.0,3.0,95.83000183105469
2020-08-19,97.0,19.0,8.0,3.0,98.25
2020-08-20,97.66999816894531,20.0,8.0,3.0,97.0
2020-08-21,97.5999984741211,21.0,8.0,3.0,97.66999816894531
2020-08-24,98.5,24.0,8.0,3.0,97.5999984741211
2020-08-25,98.3499984741211,25.0,8.0,3.0,98.5
2020-08-26,96.62999725341797,26.0,8.0,3.0,98.3499984741211
2020-08-27,96.87000274658203,27.0,8.0,3.0,96.62999725341797
2020-08-28,98.30000305175781,28.0,8.0,3.0,96.87000274658203
2020-08-31,95.69999694824219,31.0,8.0,3.0,98.30000305175781
2020-09-01,98.3499984741211,1.0,9.0,3.0,95.69999694824219
2020-09-02,98.1500015258789,2.0,9.0,3.0,98.3499984741211
2020-09-03,96.95999908447266,3.0,9.0,3.0,98.1500015258789
2020-09-04,97.41999816894531,4.0,9.0,3.0,96.95999908447266
2020-09-08,96.80000305175781,8.0,9.0,3.0,97.41999816894531
2020-09-09,97.5,9.0,9.0,3.0,96.80000305175781
2020-09-10,95.04000091552734,10.0,9.0,3.0,97.5
2020-09-11,94.4800033569336,11.0,9.0,3.0,95.04000091552734
2020-09-14,96.51000213623047,14.0,9.0,3.0,94.4800033569336
2020-09-15,96.45999908447266,15.0,9.0,3.0,96.51000213623047
2020-09-16,95.91000366210938,16.0,9.0,3.0,96.45999908447266
2020-09-17,96.37000274658203,17.0,9.0,3.0,95.91000366210938
2020-09-18,94.63999938964844,18.0,9.0,3.0,96.37000274658203
2020-09-21,93.4000015258789,21.0,9.0,3.0,94.63999938964844
2020-09-22,93.66999816894531,22.0,9.0,3.0,93.4000015258789
2020-09-23,92.16999816894531,23.0,9.0,3.0,93.66999816894531
2020-09-24,93.30000305175781,24.0,9.0,3.0,92.16999816894531
2020-09-25,93.5,25.0,9.0,3.0,93.30000305175781
2020-09-28,91.19999694824219,28.0,9.0,3.0,93.5
2020-09-29,89.91999816894531,29.0,9.0,3.0,91.19999694824219
2020-09-30,91.05000305175781,30.0,9.0,3.0,89.91999816894531
2020-10-01,91.91000366210938,1.0,10.0,4.0,91.05000305175781
2020-10-02,90.11000061035156,2.0,10.0,4.0,91.91000366210938
2020-10-05,92.63999938964844,5.0,10.0,4.0,90.11000061035156
2020-10-06,92.02999877929688,6.0,10.0,4.0,92.63999938964844
2020-10-07,91.94999694824219,7.0,10.0,4.0,92.02999877929688
2020-10-08,94.2699966430664,8.0,10.0,4.0,91.94999694824219
2020-10-09,93.6500015258789,9.0,10.0,4.0,94.2699966430664
2020-10-13,94.80000305175781,13.0,10.0,4.0,93.6500015258789
2020-10-14,95.58999633789062,14.0,10.0,4.0,94.80000305175781
2020-10-15,95.33999633789062,15.0,10.0,4.0,95.58999633789062
2020-10-16,94.54000091552734,16.0,10.0,4.0,95.33999633789062
2020-10-19,95.0,19.0,10.0,4.0,94.54000091552734
2020-10-20,96.66999816894531,20.0,10.0,4.0,95.0
2020-10-21,96.6500015258789,21.0,10.0,4.0,96.66999816894531
2020-10-22,98.05999755859375,22.0,10.0,4.0,96.6500015258789
2020-10-23,97.44000244140625,23.0,10.0,4.0,98.05999755859375
2020-10-26,97.2300033569336,26.0,10.0,4.0,97.44000244140625
2020-10-27,95.68000030517578,27.0,10.0,4.0,97.2300033569336
2020-10-28,91.55999755859375,28.0,10.0,4.0,95.68000030517578
2020-10-29,92.80000305175781,29.0,10.0,4.0,91.55999755859375
2020-10-30,90.66000366210938,30.0,10.0,4.0,92.80000305175781
2020-11-03,92.26000213623047,3.0,11.0,4.0,90.66000366210938
2020-11-04,94.16000366210938,4.0,11.0,4.0,92.26000213623047
2020-11-05,96.94999694824219,5.0,11.0,4.0,94.16000366210938
2020-11-06,97.19000244140625,6.0,11.0,4.0,96.94999694824219
2020-11-09,99.5,9.0,11.0,4.0,97.19000244140625
2020-11-10,101.0,10.0,11.0,4.0,99.5
2020-11-11,100.88999938964844,11.0,11.0,4.0,101.0
2020-11-12,98.69999694824219,12.0,11.0,4.0,100.88999938964844
2020-11-13,100.83000183105469,13.0,11.0,4.0,98.69999694824219
2020-11-16,102.51000213623047,16.0,11.0,4.0,100.83000183105469
2020-11-17,103.0999984741211,17.0,11.0,4.0,102.51000213623047
2020-11-18,101.91999816894531,18.0,11.0,4.0,103.0999984741211
2020-11-19,102.7300033569336,19.0,11.0,4.0,101.91999816894531
2020-11-23,103.27999877929688,23.0,11.0,4.0,102.7300033569336
2020-11-24,105.72000122070312,24.0,11.0,4.0,103.27999877929688
2020-11-25,105.83000183105469,25.0,11.0,4.0,105.72000122070312
2020-11-26,106.0199966430664,26.0,11.0,4.0,105.83000183105469
2020-11-27,106.44000244140625,27.0,11.0,4.0,106.0199966430664
2020-11-30,105.0,30.0,11.0,4.0,106.44000244140625
2020-12-01,107.05000305175781,1.0,12.0,4.0,105.0
2020-12-02,107.75,2.0,12.0,4.0,107.05000305175781
2020-12-03,108.1500015258789,3.0,12.0,4.0,107.75
2020-12-04,109.43000030517578,4.0,12.0,4.0,108.1500015258789
2020-12-07,109.30999755859375,7.0,12.0,4.0,109.43000030517578
2020-12-08,109.44000244140625,8.0,12.0,4.0,109.30999755859375
2020-12-09,108.7699966430664,9.0,12.0,4.0,109.44000244140625
2020-12-10,110.69999694824219,10.0,12.0,4.0,108.7699966430664
2020-12-11,110.79000091552734,11.0,12.0,4.0,110.69999694824219
2020-12-14,110.19999694824219,14.0,12.0,4.0,110.79000091552734
2020-12-15,111.76000213623047,15.0,12.0,4.0,110.19999694824219
2020-12-16,113.3499984741211,16.0,12.0,4.0,111.76000213623047
2020-12-17,113.98999786376953,17.0,12.0,4.0,113.3499984741211
2020-12-18,113.5,18.0,12.0,4.0,113.98999786376953
2020-12-21,111.43000030517578,21.0,12.0,4.0,113.5
2020-12-22,112.25,22.0,12.0,4.0,111.43000030517578
2020-12-23,113.13999938964844,23.0,12.0,4.0,112.25
2020-12-28,114.69999694824219,28.0,12.0,4.0,113.13999938964844
2020-12-29,114.97000122070312,29.0,12.0,4.0,114.69999694824219
2020-12-30,114.6500015258789,30.0,12.0,4.0,114.97000122070312
2021-01-04,114.08999633789062,4.0,1.0,1.0,114.6500015258789
2021-01-05,114.69000244140625,5.0,1.0,1.0,114.08999633789062
2021-01-06,115.55000305175781,6.0,1.0,1.0,114.69000244140625
2021-01-07,118.37000274658203,7.0,1.0,1.0,115.55000305175781
2021-01-08,120.4000015258789,8.0,1.0,1.0,118.37000274658203
2021-01-11,118.62000274658203,11.0,1.0,1.0,120.4000015258789
2021-01-12,119.44999694824219,12.0,1.0,1.0,118.62000274658203
2021-01-13,117.36000061035156,13.0,1.0,1.0,119.44999694824219
2021-01-14,118.68000030517578,14.0,1.0,1.0,117.36000061035156
2021-01-15,115.77999877929688,15.0,1.0,1.0,118.68000030517578
2021-01-18,116.54000091552734,18.0,1.0,1.0,115.77999877929688
2021-01-19,116.0,19.0,1.0,1.0,116.54000091552734
2021-01-20,115.23999786376953,20.0,1.0,1.0,116.0
2021-01-21,113.80999755859375,21.0,1.0,1.0,115.23999786376953
2021-01-22,113.18000030517578,22.0,1.0,1.0,113.80999755859375
2021-01-26,112.08000183105469,26.0,1.0,1.0,113.18000030517578
2021-01-27,111.58999633789062,27.0,1.0,1.0,112.08000183105469
2021-01-28,114.51000213623047,28.0,1.0,1.0,111.58999633789062
2021-01-29,110.55999755859375,29.0,1.0,1.0,114.51000213623047
2021-02-01,113.05999755859375,1.0,2.0,1.0,110.55999755859375
2021-02-02,113.8499984741211,2.0,2.0,1.0,113.05999755859375
2021-02-03,115.25,3.0,2.0,1.0,113.8499984741211
2021-02-04,114.62000274658203,4.0,2.0,1.0,115.25
2021-02-05,115.81999969482422,5.0,2.0,1.0,114.62000274658203
2021-02-08,115.18000030517578,8.0,2.0,1.0,115.81999969482422
2021-02-09,114.91000366210938,9.0,2.0,1.0,115.18000030517578
2021-02-10,113.91999816894531,10.0,2.0,1.0,114.91000366210938
2021-02-11,114.9000015258789,11.0,2.0,1.0,113.91999816894531
2021-02-12,115.05000305175781,12.0,2.0,1.0,114.9000015258789
2021-02-17,115.86000061035156,17.0,2.0,1.0,115.05000305175781
2021-02-18,114.61000061035156,18.0,2.0,1.0,115.86000061035156
2021-02-19,113.81999969482422,19.0,2.0,1.0,114.61000061035156
2021-02-22,108.25,22.0,2.0,1.0,113.81999969482422
2021-02-23,110.76000213623047,23.0,2.0,1.0,108.25
2021-02-24,111.45999908447266,24.0,2.0,1.0,110.76000213623047
2021-02-25,108.08999633789062,25.0,2.0,1.0,111.45999908447266
2021-02-26,105.58999633789062,26.0,2.0,1.0,108.08999633789062
2021-03-01,105.94000244140625,1.0,3.0,1.0,105.58999633789062
2021-03-02,107.5,2.0,3.0,1.0,105.94000244140625
2021-03-03,107.16000366210938,3.0,3.0,1.0,107.5
2021-03-04,108.56999969482422,4.0,3.0,1.0,107.16000366210938
2021-03-05,110.93000030517578,5.0,3.0,1.0,108.56999969482422
2021-03-08,105.3499984741211,8.0,3.0,1.0,110.93000030517578
2021-03-09,107.19000244140625,9.0,3.0,1.0,105.3499984741211
2021-03-10,108.62999725341797,10.0,3.0,1.0,107.19000244140625
2021-03-11,110.44999694824219,11.0,3.0,1.0,108.62999725341797
2021-03-12,109.85135650634766,12.0,3.0,1.0,110.44999694824219
2021-03-15,110.51969909667969,15.0,3.0,1.0,109.85135650634766
2021-03-16,109.71434020996094,16.0,3.0,1.0,110.51969909667969
2021-03-17,112.1492919921875,17.0,3.0,1.0,109.71434020996094
2021-03-18,110.49861145019531,18.0,3.0,1.0,112.1492919921875
2021-03-19,111.83014678955078,19.0,3.0,1.0,110.49861145019531
2021-03-22,110.63616180419922,22.0,3.0,1.0,111.83014678955078
2021-03-23,108.98515319824219,23.0,3.0,1.0,110.63616180419922
2021-03-24,107.83213806152344,24.0,3.0,1.0,108.98515319824219
2021-03-25,109.45245361328125,25.0,3.0,1.0,107.83213806152344
2021-03-26,110.44692993164062,26.0,3.0,1.0,109.45245361328125
2021-03-29,111.060302734375,29.0,3.0,1.0,110.44692993164062
2021-03-30,112.4375228881836,30.0,3.0,1.0,111.060302734375
2021-03-31,112.22679901123047,31.0,3.0,1.0,112.4375228881836
2021-04-01,110.9017105102539,1.0,4.0,2.0,112.22679901123047
2021-04-05,113.0841064453125,5.0,4.0,2.0,110.9017105102539
2021-04-06,113.06353759765625,6.0,4.0,2.0,113.0841064453125
2021-04-07,113.18211364746094,7.0,4.0,2.0,113.06353759765625
2021-04-08,113.75,8.0,4.0,2.0,113.18211364746094
2021-04-09,113.01000213623047,9.0,4.0,2.0,113.75
2021-04-12,114.4000015258789,12.0,4.0,2.0,113.01000213623047
2021-04-13,114.66999816894531,13.0,4.0,2.0,114.4000015258789
2021-04-14,115.5999984741211,14.0,4.0,2.0,114.66999816894531
2021-04-15,116.19999694824219,15.0,4.0,2.0,115.5999984741211
2021-04-16,116.45999908447266,16.0,4.0,2.0,116.19999694824219
2021-04-19,116.33999633789062,19.0,4.0,2.0,116.45999908447266
2021-04-20,115.4800033569336,20.0,4.0,2.0,116.33999633789062
2021-04-22,114.94999694824219,22.0,4.0,2.0,115.4800033569336
2021-04-23,115.97000122070312,23.0,4.0,2.0,114.94999694824219
2021-04-26,115.94999694824219,26.0,4.0,2.0,115.97000122070312
2021-04-27,114.77999877929688,27.0,4.0,2.0,115.94999694824219
2021-04-28,116.4000015258789,28.0,4.0,2.0,114.77999877929688
2021-04-29,115.31999969482422,29.0,4.0,2.0,116.4000015258789
2021-04-30,114.4000015258789,30.0,4.0,2.0,115.31999969482422
2021-05-03,114.68000030517578,3.0,5.0,2.0,114.4000015258789
2021-05-04,113.2699966430664,4.0,5.0,2.0,114.68000030517578
2021-05-05,115.1500015258789,5.0,5.0,2.0,113.2699966430664
2021-05-06,115.43000030517578,6.0,5.0,2.0,115.1500015258789
2021-05-07,117.45999908447266,7.0,5.0,2.0,115.43000030517578
2021-05-10,117.13999938964844,10.0,5.0,2.0,117.45999908447266
2021-05-11,118.12999725341797,11.0,5.0,2.0,117.13999938964844
2021-05-12,115.2699966430664,12.0,5.0,2.0,118.12999725341797
2021-05-13,116.04000091552734,13.0,5.0,2.0,115.2699966430664
2021-05-14,117.23999786376953,14.0,5.0,2.0,116.04000091552734
2021-05-17,118.30999755859375,17.0,5.0,2.0,117.23999786376953
2021-05-18,118.19000244140625,18.0,5.0,2.0,118.30999755859375
2021-05-19,118.01000213623047,19.0,5.0,2.0,118.19000244140625
2021-05-20,117.91000366210938,20.0,5.0,2.0,118.01000213623047
2021-05-21,118.01000213623047,21.0,5.0,2.0,117.91000366210938
2021-05-24,119.26000213623047,24.0,5.0,2.0,118.01000213623047
2021-05-25,118.4000015258789,25.0,5.0,2.0,119.26000213623047
2021-05-26,119.23999786376953,26.0,5.0,2.0,118.4000015258789
2021-05-27,119.58999633789062,27.0,5.0,2.0,119.23999786376953
2021-05-28,120.72000122070312,28.0,5.0,2.0,119.58999633789062
2021-05-31,121.25,31.0,5.0,2.0,120.72000122070312
2021-06-01,123.33000183105469,1.0,6.0,2.0,121.25
2021-06-02,124.66999816894531,2.0,6.0,2.0,123.33000183105469
2021-06-04,125.05000305175781,4.0,6.0,2.0,124.66999816894531
2021-06-07,125.75,7.0,6.0,2.0,125.05000305175781
2021-06-08,124.70999908447266,8.0,6.0,2.0,125.75
2021-06-09,124.87999725341797,9.0,6.0,2.0,124.70999908447266
2021-06-10,125.0,10.0,6.0,2.0,124.87999725341797
2021-06-11,124.4800033569336,11.0,6.0,2.0,125.0
2021-06-14,125.1500015258789,14.0,6.0,2.0,124.4800033569336
2021-06-15,125.18000030517578,15.0,6.0,2.0,125.1500015258789
2021-06-16,124.22000122070312,16.0,6.0,2.0,125.18000030517578
2021-06-17,123.08999633789062,17.0,6.0,2.0,124.22000122070312
2021-06-18,123.2699966430664,18.0,6.0,2.0,123.08999633789062
2021-06-21,124.2300033569336,21.0,6.0,2.0,123.2699966430664
2021-06-22,123.81999969482422,22.0,6.0,2.0,124.2300033569336
2021-06-23,123.54000091552734,23.0,6.0,2.0,123.81999969482422
2021-06-24,124.52999877929688,24.0,6.0,2.0,123.54000091552734
2021-06-25,122.5,25.0,6.0,2.0,124.52999877929688
2021-06-28,122.44999694824219,28.0,6.0,2.0,122.5
2021-06-29,122.30999755859375,29.0,6.0,2.0,122.44999694824219
2021-06-30,121.80999755859375,30.0,6.0,2.0,122.30999755859375
2021-07-01,120.7300033569336,1.0,7.0,3.0,121.80999755859375
2021-07-02,122.77999877929688,2.0,7.0,3.0,120.7300033569336
2021-07-05,121.97000122070312,5.0,7.0,3.0,122.77999877929688
2021-07-06,120.30000305175781,6.0,7.0,3.0,121.97000122070312
2021-07-07,122.27999877929688,7.0,7.0,3.0,120.30000305175781
2021-07-08,120.66000366210938,8.0,7.0,3.0,122.27999877929688
2021-07-12,122.77999877929688,12.0,7.0,3.0,120.66000366210938
2021-07-13,123.31999969482422,13.0,7.0,3.0,122.77999877929688
2021-07-14,123.47000122070312,14.0,7.0,3.0,123.31999969482422
2021-07-15,122.80000305175781,15.0,7.0,3.0,123.47000122070312
2021-07-16,121.1500015258789,16.0,7.0,3.0,122.80000305175781
2021-07-19,119.73999786376953,19.0,7.0,3.0,121.1500015258789
2021-07-20,120.5999984741211,20.0,7.0,3.0,119.73999786376953
2021-07-21,121.12000274658203,21.0,7.0,3.0,120.5999984741211
2021-07-22,121.43000030517578,22.0,7.0,3.0,121.12000274658203
2021-07-23,120.19999694824219,23.0,7.0,3.0,121.43000030517578
2021-07-26,121.19999694824219,26.0,7.0,3.0,120.19999694824219
2021-07-27,119.76000213623047,27.0,7.0,3.0,121.19999694824219
2021-07-28,121.44999694824219,28.0,7.0,3.0,119.76000213623047
2021-07-29,120.7300033569336,29.0,7.0,3.0,121.44999694824219
2021-07-30,117.11000061035156,30.0,7.0,3.0,120.7300033569336
2021-08-02,117.5999984741211,2.0,8.0,3.0,117.11000061035156
2021-08-03,118.7300033569336,3.0,8.0,3.0,117.5999984741211
2021-08-04,116.95999908447266,4.0,8.0,3.0,118.7300033569336
2021-08-05,116.93000030517578,5.0,8.0,3.0,116.95999908447266
2021-08-06,118.23999786376953,6.0,8.0,3.0,116.93000030517578
2021-08-09,118.13999938964844,9.0,8.0,3.0,118.23999786376953
2021-08-10,117.56999969482422,10.0,8.0,3.0,118.13999938964844
2021-08-11,117.26000213623047,11.0,8.0,3.0,117.56999969482422
2021-08-12,115.87000274658203,12.0,8.0,3.0,117.26000213623047
2021-08-13,116.55999755859375,13.0,8.0,3.0,115.87000274658203
2021-08-16,114.62999725341797,16.0,8.0,3.0,116.55999755859375
2021-08-17,113.3499984741211,17.0,8.0,3.0,114.62999725341797
2021-08-18,112.05999755859375,18.0,8.0,3.0,113.3499984741211
2021-08-19,112.8499984741211,19.0,8.0,3.0,112.05999755859375
2021-08-20,113.6500015258789,20.0,8.0,3.0,112.8499984741211
2021-08-23,113.05000305175781,23.0,8.0,3.0,113.6500015258789
2021-08-24,115.62999725341797,24.0,8.0,3.0,113.05000305175781
2021-08-25,116.13999938964844,25.0,8.0,3.0,115.62999725341797
2021-08-26,114.06999969482422,26.0,8.0,3.0,116.13999938964844
2021-08-27,116.18000030517578,27.0,8.0,3.0,114.06999969482422
2021-08-30,115.08000183105469,30.0,8.0,3.0,116.18000030517578
2021-08-31,114.08000183105469,31.0,8.0,3.0,115.08000183105469
2021-09-01,114.80000305175781,1.0,9.0,3.0,114.08000183105469
2021-09-02,112.1500015258789,2.0,9.0,3.0,114.80000305175781
2021-09-03,112.08999633789062,3.0,9.0,3.0,112.1500015258789
2021-09-06,113.4800033569336,6.0,9.0,3.0,112.08999633789062
2021-09-08,109.08000183105469,8.0,9.0,3.0,113.4800033569336
2021-09-09,111.51000213623047,9.0,9.0,3.0,109.08000183105469
2021-09-10,109.87999725341797,10.0,9.0,3.0,111.51000213623047
2021-09-13,112.12000274658203,13.0,9.0,3.0,109.87999725341797
2021-09-14,111.69999694824219,14.0,9.0,3.0,112.12000274658203
2021-09-15,110.68000030517578,15.0,9.0,3.0,111.69999694824219
2021-09-16,109.44000244140625,16.0,9.0,3.0,110.68000030517578
2021-09-17,107.13999938964844,17.0,9.0,3.0,109.44000244140625
2021-09-20,104.7699966430664,20.0,9.0,3.0,107.13999938964844
2021-09-21,105.7699966430664,21.0,9.0,3.0,104.7699966430664
2021-09-22,107.98999786376953,22.0,9.0,3.0,105.7699966430664
2021-09-23,109.5999984741211,23.0,9.0,3.0,107.98999786376953
2021-09-24,109.02999877929688,24.0,9.0,3.0,109.5999984741211
2021-09-27,108.88999938964844,27.0,9.0,3.0,109.02999877929688
2021-09-28,105.83000183105469,28.0,9.0,3.0,108.88999938964844
2021-09-29,106.83000183105469,29.0,9.0,3.0,105.83000183105469
2021-09-30,106.48999786376953,30.0,9.0,3.0,106.83000183105469
2021-10-01,108.48999786376953,1.0,10.0,4.0,106.48999786376953
2021-10-04,106.18000030517578,4.0,10.0,4.0,108.48999786376953
2021-10-05,106.12000274658203,5.0,10.0,4.0,106.18000030517578
2021-10-06,106.37000274658203,6.0,10.0,4.0,106.12000274658203
2021-10-07,106.41999816894531,7.0,10.0,4.0,106.37000274658203
2021-10-08,108.38999938964844,8.0,10.0,4.0,106.41999816894531
2021-10-11,107.75,11.0,10.0,4.0,108.38999938964844
2021-10-13,109.23999786376953,13.0,10.0,4.0,107.75
2021-10-14,108.97000122070312,14.0,10.0,4.0,109.23999786376953
2021-10-15,110.22000122070312,15.0,10.0,4.0,108.97000122070312
2021-10-18,109.94999694824219,18.0,10.0,4.0,110.22000122070312
2021-10-19,106.80000305175781,19.0,10.0,4.0,109.94999694824219
2021-10-20,106.7300033569336,20.0,10.0,4.0,106.80000305175781
2021-10-21,103.6500015258789,21.0,10.0,4.0,106.7300033569336
2021-10-22,102.33000183105469,22.0,10.0,4.0,103.6500015258789
2021-10-25,104.55000305175781,25.0,10.0,4.0,102.33000183105469
2021-10-26,102.25,26.0,10.0,4.0,104.55000305175781
2021-10-27,102.4000015258789,27.0,10.0,4.0,102.25
2021-10-28,100.61000061035156,28.0,10.0,4.0,102.4000015258789
2021-10-29,99.68000030517578,29.0,10.0,4.0,100.61000061035156
2021-11-01,101.5199966430664,1.0,11.0,4.0,99.68000030517578
2021-11-03,102.0,3.0,11.0,4.0,101.5199966430664
2021-11-04,99.6500015258789,4.0,11.0,4.0,102.0
2021-11-05,100.80999755859375,5.0,11.0,4.0,99.6500015258789
2021-11-08,100.83000183105469,8.0,11.0,4.0,100.80999755859375
2021-11-09,101.38999938964844,9.0,11.0,4.0,100.83000183105469
2021-11-10,102.0199966430664,10.0,11.0,4.0,101.38999938964844
2021-11-11,103.55000305175781,11.0,11.0,4.0,102.0199966430664
2021-11-12,102.12999725341797,12.0,11.0,4.0,103.55000305175781
2021-11-16,100.36000061035156,16.0,11.0,4.0,102.12999725341797
2021-11-17,99.25,17.0,11.0,4.0,100.36000061035156
2021-11-18,98.6500015258789,18.0,11.0,4.0,99.25
2021-11-19,99.2699966430664,19.0,11.0,4.0,98.6500015258789
2021-11-22,98.23999786376953,22.0,11.0,4.0,99.2699966430664
2021-11-23,100.0,23.0,11.0,4.0,98.23999786376953
2021-11-24,100.66000366210938,24.0,11.0,4.0,100.0
2021-11-25,101.98999786376953,25.0,11.0,4.0,100.66000366210938
2021-11-26,98.38999938964844,26.0,11.0,4.0,101.98999786376953
2021-11-29,99.01000213623047,29.0,11.0,4.0,98.38999938964844
2021-11-30,98.3499984741211,30.0,11.0,4.0,99.01000213623047
2021-12-01,97.08999633789062,1.0,12.0,4.0,98.3499984741211
2021-12-02,100.43000030517578,2.0,12.0,4.0,97.08999633789062
2021-12-03,101.31999969482422,3.0,12.0,4.0,100.43000030517578
2021-12-06,103.0,6.0,12.0,4.0,101.31999969482422
2021-12-07,103.62999725341797,7.0,12.0,4.0,103.0
2021-12-08,104.19999694824219,8.0,12.0,4.0,103.62999725341797
2021-12-09,102.13999938964844,9.0,12.0,4.0,104.19999694824219
2021-12-10,103.7300033569336,10.0,12.0,4.0,102.13999938964844
2021-12-13,103.5,13.0,12.0,4.0,103.7300033569336
2021-12-14,102.69999694824219,14.0,12.0,4.0,103.5
2021-12-15,103.19999694824219,15.0,12.0,4.0,102.69999694824219
2021-12-16,104.41000366210938,16.0,12.0,4.0,103.19999694824219
2021-12-17,103.0999984741211,17.0,12.0,4.0,104.41000366210938
2021-12-20,101.0,20.0,12.0,4.0,103.0999984741211
2021-12-21,101.41999816894531,21.0,12.0,4.0,101.0
2021-12-22,101.43000030517578,22.0,12.0,4.0,101.41999816894531
2021-12-23,100.8499984741211,23.0,12.0,4.0,101.43000030517578
2021-12-27,101.5999984741211,27.0,12.0,4.0,100.8499984741211
2021-12-28,101.05999755859375,28.0,12.0,4.0,101.5999984741211
2021-12-29,100.25,29.0,12.0,4.0,101.05999755859375
2021-12-30,100.80000305175781,30.0,12.0,4.0,100.25
2022-01-03,99.93000030517578,3.0,1.0,1.0,100.80000305175781
2022-01-04,99.56999969482422,4.0,1.0,1.0,99.93000030517578
2022-01-05,97.0999984741211,5.0,1.0,1.0,99.56999969482422
2022-01-06,97.8499984741211,6.0,1.0,1.0,97.0999984741211
2022-01-07,98.69999694824219,7.0,1.0,1.0,97.8499984741211
2022-01-10,98.43000030517578,10.0,1.0,1.0,98.69999694824219
2022-01-11,100.0999984741211,11.0,1.0,1.0,98.43000030517578
2022-01-12,101.91000366210938,12.0,1.0,1.0,100.0999984741211
2022-01-13,101.55000305175781,13.0,1.0,1.0,101.91000366210938
2022-01-14,103.06999969482422,14.0,1.0,1.0,101.55000305175781
2022-01-17,102.58000183105469,17.0,1.0,1.0,103.06999969482422
2022-01-18,102.8499984741211,18.0,1.0,1.0,102.58000183105469
2022-01-19,104.05000305175781,19.0,1.0,1.0,102.8499984741211
2022-01-20,104.9000015258789,20.0,1.0,1.0,104.05000305175781
2022-01-21,104.69999694824219,21.0,1.0,1.0,104.9000015258789
2022-01-24,104.08000183105469,24.0,1.0,1.0,104.69999694824219
2022-01-25,106.33000183105469,25.0,1.0,1.0,104.08000183105469
2022-01-26,107.38999938964844,26.0,1.0,1.0,106.33000183105469
2022-01-27,108.19999694824219,27.0,1.0,1.0,107.38999938964844
2022-01-28,107.58000183105469,28.0,1.0,1.0,108.19999694824219
2022-01-31,107.9800033569336,31.0,1.0,1.0,107.58000183105469
2022-02-01,109.1500015258789,1.0,2.0,1.0,107.9800033569336
2022-02-02,107.69000244140625,2.0,2.0,1.0,109.1500015258789
2022-02-03,107.7699966430664,3.0,2.0,1.0,107.69000244140625
2022-02-04,108.0199966430664,4.0,2.0,1.0,107.7699966430664
2022-02-07,107.72000122070312,7.0,2.0,1.0,108.0199966430664
2022-02-08,108.2300033569336,8.0,2.0,1.0,107.72000122070312
2022-02-09,108.2300033569336,9.0,2.0,1.0,108.2300033569336
2022-02-10,109.0999984741211,10.0,2.0,1.0,108.2300033569336
2022-02-11,109.30999755859375,11.0,2.0,1.0,109.0999984741211
2022-02-14,109.5199966430664,14.0,2.0,1.0,109.30999755859375
2022-02-15,110.5999984741211,15.0,2.0,1.0,109.5199966430664
2022-02-16,110.7699966430664,16.0,2.0,1.0,110.5999984741211
2022-02-17,109.0999984741211,17.0,2.0,1.0,110.7699966430664
2022-02-18,108.51000213623047,18.0,2.0,1.0,109.0999984741211
2022-02-21,107.44999694824219,21.0,2.0,1.0,108.51000213623047
2022-02-22,109.0,22.0,2.0,1.0,107.44999694824219
2022-02-23,107.58000183105469,23.0,2.0,1.0,109.0
2022-02-24,107.4800033569336,24.0,2.0,1.0,107.58000183105469
2022-02-25,108.9000015258789,25.0,2.0,1.0,107.4800033569336
2022-03-02,111.0999984741211,2.0,3.0,1.0,108.9000015258789
2022-03-03,111.0199966430664,3.0,3.0,1.0,111.0999984741211
2022-03-04,110.4000015258789,4.0,3.0,1.0,111.0199966430664
2022-03-07,107.11000061035156,7.0,3.0,1.0,110.4000015258789
2022-03-08,107.29000091552734,8.0,3.0,1.0,107.11000061035156
2022-03-09,109.77999877929688,9.0,3.0,1.0,107.29000091552734
2022-03-10,109.4000015258789,10.0,3.0,1.0,109.77999877929688
2022-03-11,107.69999694824219,11.0,3.0,1.0,109.4000015258789
2022-03-14,106.04000091552734,14.0,3.0,1.0,107.69999694824219
2022-03-15,104.9000015258789,15.0,3.0,1.0,106.04000091552734
2022-03-16,107.13999938964844,16.0,3.0,1.0,104.9000015258789
2022-03-17,108.83000183105469,17.0,3.0,1.0,107.13999938964844
2022-03-18,110.7300033569336,18.0,3.0,1.0,108.83000183105469
2022-03-21,111.94000244140625,21.0,3.0,1.0,110.7300033569336
2022-03-22,113.0999984741211,22.0,3.0,1.0,111.94000244140625
2022-03-23,112.9000015258789,23.0,3.0,1.0,113.0999984741211
2022-03-24,114.73999786376953,24.0,3.0,1.0,112.9000015258789
2022-03-25,114.75,25.0,3.0,1.0,114.73999786376953
2022-03-28,114.51000213623047,28.0,3.0,1.0,114.75
2022-03-29,115.75,29.0,3.0,1.0,114.51000213623047
2022-03-30,115.9000015258789,30.0,3.0,1.0,115.75
2022-03-31,115.5999984741211,31.0,3.0,1.0,115.9000015258789
2022-04-01,117.19999694824219,1.0,4.0,2.0,115.5999984741211
2022-04-04,116.80000305175781,4.0,4.0,2.0,117.19999694824219
2022-04-05,114.51000213623047,5.0,4.0,2.0,116.80000305175781
2022-04-06,113.87000274658203,6.0,4.0,2.0,114.51000213623047
2022-04-07,114.6500015258789,7.0,4.0,2.0,113.87000274658203
2022-04-08,113.9800033569336,8.0,4.0,2.0,114.6500015258789
2022-04-11,112.56999969482422,11.0,4.0,2.0,113.9800033569336
2022-04-12,111.7699966430664,12.0,4.0,2.0,112.56999969482422
2022-04-13,112.5199966430664,13.0,4.0,2.0,111.7699966430664
2022-04-14,111.6500015258789,14.0,4.0,2.0,112.5199966430664
2022-04-18,111.45999908447266,18.0,4.0,2.0,111.6500015258789
2022-04-19,110.91999816894531,19.0,4.0,2.0,111.45999908447266
2022-04-20,110.05000305175781,20.0,4.0,2.0,110.91999816894531
2022-04-22,106.75,22.0,4.0,2.0,110.05000305175781
2022-04-25,106.76000213623047,25.0,4.0,2.0,106.75
2022-04-26,104.27999877929688,26.0,4.0,2.0,106.76000213623047
2022-04-27,105.5199966430664,27.0,4.0,2.0,104.27999877929688
2022-04-28,105.86000061035156,28.0,4.0,2.0,105.5199966430664
2022-04-29,103.4000015258789,29.0,4.0,2.0,105.86000061035156
2022-05-02,102.72000122070312,2.0,5.0,2.0,103.4000015258789
2022-05-03,102.72000122070312,3.0,5.0,2.0,102.72000122070312
2022-05-04,104.37999725341797,4.0,5.0,2.0,102.72000122070312
2022-05-05,101.5,5.0,5.0,2.0,104.37999725341797
2022-05-06,101.2300033569336,6.0,5.0,2.0,101.5
2022-05-09,99.68000030517578,9.0,5.0,2.0,101.2300033569336
2022-05-10,99.23999786376953,10.0,5.0,2.0,99.68000030517578
2022-05-11,100.63999938964844,11.0,5.0,2.0,99.23999786376953
2022-05-12,102.04000091552734,12.0,5.0,2.0,100.63999938964844
2022-05-13,103.29000091552734,13.0,5.0,2.0,102.04000091552734
2022-05-16,104.4000015258789,16.0,5.0,2.0,103.29000091552734
2022-05-17,104.9000015258789,17.0,5.0,2.0,104.4000015258789
2022-05-18,102.20999908447266,18.0,5.0,2.0,104.9000015258789
2022-05-19,103.08000183105469,19.0,5.0,2.0,102.20999908447266
2022-05-20,104.66000366210938,20.0,5.0,2.0,103.08000183105469
2022-05-23,106.76000213623047,23.0,5.0,2.0,104.66000366210938
2022-05-24,106.63999938964844,24.0,5.0,2.0,106.76000213623047
2022-05-25,106.66000366210938,25.0,5.0,2.0,106.63999938964844
2022-05-26,108.0199966430664,26.0,5.0,2.0,106.66000366210938
2022-05-27,107.9000015258789,27.0,5.0,2.0,108.0199966430664
2022-05-30,106.91999816894531,30.0,5.0,2.0,107.9000015258789
2022-05-31,107.18000030517578,31.0,5.0,2.0,106.91999816894531
2022-06-01,107.47000122070312,1.0,6.0,2.0,107.18000030517578
2022-06-02,108.43000030517578,2.0,6.0,2.0,107.47000122070312
2022-06-03,107.4800033569336,3.0,6.0,2.0,108.43000030517578
2022-06-06,106.41999816894531,6.0,6.0,2.0,107.4800033569336
2022-06-07,106.1500015258789,7.0,6.0,2.0,106.41999816894531
2022-06-08,104.5999984741211,8.0,6.0,2.0,106.1500015258789
2022-06-09,103.68000030517578,9.0,6.0,2.0,104.5999984741211
2022-06-10,101.81999969482422,10.0,6.0,2.0,103.68000030517578
2022-06-13,99.12000274658203,13.0,6.0,2.0,101.81999969482422
2022-06-14,98.36000061035156,14.0,6.0,2.0,99.12000274658203
2022-06-15,99.37999725341797,15.0,6.0,2.0,98.36000061035156
2022-06-17,96.20999908447266,17.0,6.0,2.0,99.37999725341797
2022-06-20,96.29000091552734,20.0,6.0,2.0,96.20999908447266
2022-06-21,96.4000015258789,21.0,6.0,2.0,96.29000091552734
2022-06-22,96.02999877929688,22.0,6.0,2.0,96.4000015258789
2022-06-23,94.66000366210938,23.0,6.0,2.0,96.02999877929688
2022-06-24,95.47000122070312,24.0,6.0,2.0,94.66000366210938
2022-06-27,97.3499984741211,27.0,6.0,2.0,95.47000122070312
2022-06-28,97.05000305175781,28.0,6.0,2.0,97.3499984741211
2022-06-29,96.0,29.0,6.0,2.0,97.05000305175781
2022-06-30,95.0,30.0,6.0,2.0,96.0
2022-07-01,95.62999725341797,1.0,7.0,3.0,95.0
2022-07-04,95.19999694824219,4.0,7.0,3.0,95.62999725341797
2022-07-05,94.80000305175781,5.0,7.0,3.0,95.19999694824219
2022-07-06,95.41999816894531,6.0,7.0,3.0,94.80000305175781
2022-07-07,97.37999725341797,7.0,7.0,3.0,95.41999816894531
2022-07-08,96.87999725341797,8.0,7.0,3.0,97.37999725341797
2022-07-11,94.80000305175781,11.0,7.0,3.0,96.87999725341797
2022-07-12,94.9000015258789,12.0,7.0,3.0,94.80000305175781
2022-07-13,94.51000213623047,13.0,7.0,3.0,94.9000015258789
2022-07-14,92.55000305175781,14.0,7.0,3.0,94.51000213623047
2022-07-15,93.2699966430664,15.0,7.0,3.0,92.55000305175781
2022-07-18,93.37000274658203,18.0,7.0,3.0,93.2699966430664
2022-07-19,94.69999694824219,19.0,7.0,3.0,93.37000274658203
2022-07-20,94.94999694824219,20.0,7.0,3.0,94.69999694824219
2022-07-21,95.3499984741211,21.0,7.0,3.0,94.94999694824219
2022-07-22,95.41999816894531,22.0,7.0,3.0,95.3499984741211
2022-07-25,96.75,25.0,7.0,3.0,95.41999816894531
2022-07-26,96.1500015258789,26.0,7.0,3.0,96.75
2022-07-27,97.83000183105469,27.0,7.0,3.0,96.1500015258789
2022-07-28,99.0999984741211,28.0,7.0,3.0,97.83000183105469
2022-07-29,99.30000305175781,29.0,7.0,3.0,99.0999984741211
2022-08-01,98.55999755859375,1.0,8.0,3.0,99.30000305175781
2022-08-02,99.52999877929688,2.0,8.0,3.0,98.55999755859375
2022-08-03,100.19999694824219,3.0,8.0,3.0,99.52999877929688
2022-08-04,102.4800033569336,4.0,8.0,3.0,100.19999694824219
2022-08-05,102.73999786376953,5.0,8.0,3.0,102.4800033569336
2022-08-08,104.80000305175781,8.0,8.0,3.0,102.73999786376953
2022-08-09,105.05000305175781,9.0,8.0,3.0,104.80000305175781
2022-08-10,106.55999755859375,10.0,8.0,3.0,105.05000305175781
2022-08-11,105.87999725341797,11.0,8.0,3.0,106.55999755859375
2022-08-12,108.63999938964844,12.0,8.0,3.0,105.87999725341797
2022-08-15,108.97000122070312,15.0,8.0,3.0,108.63999938964844
2022-08-16,109.76000213623047,16.0,8.0,3.0,108.97000122070312
2022-08-17,109.98999786376953,17.0,8.0,3.0,109.76000213623047
2022-08-18,109.94000244140625,18.0,8.0,3.0,109.98999786376953
2022-08-19,107.52999877929688,19.0,8.0,3.0,109.94000244140625
2022-08-22,106.7300033569336,22.0,8.0,3.0,107.52999877929688
2022-08-23,109.0999984741211,23.0,8.0,3.0,106.7300033569336
2022-08-24,109.18000030517578,24.0,8.0,3.0,109.0999984741211
2022-08-25,109.5999984741211,25.0,8.0,3.0,109.18000030517578
2022-08-26,108.36000061035156,26.0,8.0,3.0,109.5999984741211
2022-08-29,108.4000015258789,29.0,8.0,3.0,108.36000061035156
2022-08-30,106.4000015258789,30.0,8.0,3.0,108.4000015258789
2022-08-31,105.83000183105469,31.0,8.0,3.0,106.4000015258789
2022-09-01,106.58999633789062,1.0,9.0,3.0,105.83000183105469
2022-09-02,107.08999633789062,2.0,9.0,3.0,106.58999633789062
2022-09-05,108.44999694824219,5.0,9.0,3.0,107.08999633789062
2022-09-06,105.94999694824219,6.0,9.0,3.0,108.44999694824219
2022-09-08,106.18000030517578,8.0,9.0,3.0,105.94999694824219
2022-09-09,108.4000015258789,9.0,9.0,3.0,106.18000030517578
2022-09-12,109.44000244140625,12.0,9.0,3.0,108.4000015258789
2022-09-13,106.9800033569336,13.0,9.0,3.0,109.44000244140625
2022-09-14,106.75,14.0,9.0,3.0,106.9800033569336
2022-09-15,106.11000061035156,15.0,9.0,3.0,106.75
2022-09-16,105.5999984741211,16.0,9.0,3.0,106.11000061035156
2022-09-19,108.22000122070312,19.0,9.0,3.0,105.5999984741211
2022-09-20,108.8499984741211,20.0,9.0,3.0,108.22000122070312
2022-09-21,108.16000366210938,21.0,9.0,3.0,108.8499984741211
2022-09-22,110.12999725341797,22.0,9.0,3.0,108.16000366210938
2022-09-23,107.83999633789062,23.0,9.0,3.0,110.12999725341797
2022-09-26,105.12999725341797,26.0,9.0,3.0,107.83999633789062
2022-09-27,104.68000030517578,27.0,9.0,3.0,105.12999725341797
2022-09-28,104.81999969482422,28.0,9.0,3.0,104.68000030517578
2022-09-29,103.80000305175781,29.0,9.0,3.0,104.81999969482422
2022-09-30,106.45999908447266,30.0,9.0,3.0,103.80000305175781
2022-10-03,112.4000015258789,3.0,10.0,4.0,106.45999908447266
2022-10-04,112.3499984741211,4.0,10.0,4.0,112.4000015258789
2022-10-05,113.31999969482422,5.0,10.0,4.0,112.3499984741211
2022-10-06,113.47000122070312,6.0,10.0,4.0,113.31999969482422
2022-10-07,112.77999877929688,7.0,10.0,4.0,113.47000122070312
2022-10-10,112.08000183105469,10.0,10.0,4.0,112.77999877929688
2022-10-11,110.88999938964844,11.0,10.0,4.0,112.08000183105469
2022-10-13,110.26000213623047,13.0,10.0,4.0,110.88999938964844
2022-10-14,108.22000122070312,14.0,10.0,4.0,110.26000213623047
2022-10-17,109.9000015258789,17.0,10.0,4.0,108.22000122070312
2022-10-18,111.94000244140625,18.0,10.0,4.0,109.9000015258789
2022-10-19,112.3499984741211,19.0,10.0,4.0,111.94000244140625
2022-10-20,112.9000015258789,20.0,10.0,4.0,112.3499984741211
2022-10-21,116.43000030517578,21.0,10.0,4.0,112.9000015258789
2022-10-24,112.13999938964844,24.0,10.0,4.0,116.43000030517578
2022-10-25,110.4800033569336,25.0,10.0,4.0,112.13999938964844
2022-10-26,108.77999877929688,26.0,10.0,4.0,110.4800033569336
2022-10-27,110.0,27.0,10.0,4.0,108.77999877929688
2022-10-28,113.0,28.0,10.0,4.0,110.0
2022-10-31,112.1500015258789,31.0,10.0,4.0,113.0
2022-11-01,112.80999755859375,1.0,11.0,4.0,112.1500015258789
2022-11-03,113.0999984741211,3.0,11.0,4.0,112.80999755859375
2022-11-04,114.0,4.0,11.0,4.0,113.0999984741211
2022-11-07,111.22000122070312,7.0,11.0,4.0,114.0
2022-11-08,112.30000305175781,8.0,11.0,4.0,111.22000122070312
2022-11-09,109.75,9.0,11.0,4.0,112.30000305175781
2022-11-10,106.0999984741211,10.0,11.0,4.0,109.75
2022-11-11,108.55000305175781,11.0,11.0,4.0,106.0999984741211
2022-11-14,109.23999786376953,14.0,11.0,4.0,108.55000305175781
2022-11-16,106.04000091552734,16.0,11.0,4.0,109.23999786376953
2022-11-17,105.69000244140625,17.0,11.0,4.0,106.04000091552734
2022-11-18,104.8499984741211,18.0,11.0,4.0,105.69000244140625
2022-11-21,106.08000183105469,21.0,11.0,4.0,104.8499984741211
2022-11-22,105.06999969482422,22.0,11.0,4.0,106.08000183105469
2022-11-23,105.23999786376953,23.0,11.0,4.0,105.06999969482422
2022-11-24,108.19999694824219,24.0,11.0,4.0,105.23999786376953
2022-11-25,105.06999969482422,25.0,11.0,4.0,108.19999694824219
2022-11-28,105.1500015258789,28.0,11.0,4.0,105.06999969482422
2022-11-29,107.29000091552734,29.0,11.0,4.0,105.1500015258789
2022-11-30,108.58000183105469,30.0,11.0,4.0,107.29000091552734
2022-12-01,107.05999755859375,1.0,12.0,4.0,108.58000183105469
2022-12-02,107.94999694824219,2.0,12.0,4.0,107.05999755859375
2022-12-05,105.62999725341797,5.0,12.0,4.0,107.94999694824219
2022-12-06,106.73999786376953,6.0,12.0,4.0,105.62999725341797
2022-12-07,105.58999633789062,7.0,12.0,4.0,106.73999786376953
2022-12-08,103.56999969482422,8.0,12.0,4.0,105.58999633789062
2022-12-09,103.9000015258789,9.0,12.0,4.0,103.56999969482422
2022-12-12,101.80000305175781,12.0,12.0,4.0,103.9000015258789
2022-12-13,100.30000305175781,13.0,12.0,4.0,101.80000305175781
2022-12-14,100.69999694824219,14.0,12.0,4.0,100.30000305175781
2022-12-15,100.5,15.0,12.0,4.0,100.69999694824219
2022-12-16,99.4000015258789,16.0,12.0,4.0,100.5
2022-12-19,101.37000274658203,19.0,12.0,4.0,99.4000015258789
2022-12-20,103.55000305175781,20.0,12.0,4.0,101.37000274658203
2022-12-21,103.87000274658203,21.0,12.0,4.0,103.55000305175781
2022-12-22,103.93000030517578,22.0,12.0,4.0,103.87000274658203
2022-12-23,106.0,23.0,12.0,4.0,103.93000030517578
2022-12-26,105.1500015258789,26.0,12.0,4.0,106.0
2022-12-27,104.9000015258789,27.0,12.0,4.0,105.1500015258789
2022-12-28,106.80000305175781,28.0,12.0,4.0,104.9000015258789
2022-12-29,105.94999694824219,29.0,12.0,4.0,106.80000305175781
2023-01-02,102.62999725341797,2.0,1.0,1.0,105.94999694824219
2023-01-03,100.4800033569336,3.0,1.0,1.0,102.62999725341797
2023-01-04,101.91999816894531,4.0,1.0,1.0,100.4800033569336
2023-01-05,104.2699966430664,5.0,1.0,1.0,101.91999816894531
2023-01-06,105.5,6.0,1.0,1.0,104.2699966430664
2023-01-09,105.3499984741211,9.0,1.0,1.0,105.5
2023-01-10,107.18000030517578,10.0,1.0,1.0,105.3499984741211
2023-01-11,109.0999984741211,11.0,1.0,1.0,107.18000030517578
2023-01-12,108.26000213623047,12.0,1.0,1.0,109.0999984741211
2023-01-13,107.3499984741211,13.0,1.0,1.0,108.26000213623047
2023-01-16,105.47000122070312,16.0,1.0,1.0,107.3499984741211
2023-01-17,107.80000305175781,17.0,1.0,1.0,105.47000122070312
2023-01-18,108.33000183105469,18.0,1.0,1.0,107.80000305175781
2023-01-19,109.11000061035156,19.0,1.0,1.0,108.33000183105469
2023-01-20,108.44999694824219,20.0,1.0,1.0,109.11000061035156
2023-01-23,107.9000015258789,23.0,1.0,1.0,108.44999694824219
2023-01-24,109.43000030517578,24.0,1.0,1.0,107.9000015258789
2023-01-25,110.6500015258789,25.0,1.0,1.0,109.43000030517578
2023-01-26,110.41999816894531,26.0,1.0,1.0,110.6500015258789
2023-01-27,108.4000015258789,27.0,1.0,1.0,110.41999816894531
2023-01-30,108.69999694824219,30.0,1.0,1.0,108.4000015258789
2023-01-31,109.83999633789062,31.0,1.0,1.0,108.69999694824219
2023-02-01,108.4000015258789,1.0,2.0,1.0,109.83999633789062
2023-02-02,106.30000305175781,2.0,2.0,1.0,108.4000015258789
2023-02-03,104.87000274658203,3.0,2.0,1.0,106.30000305175781
